"Ид","Ид ОК","Время","Обводненность, %","Вода, %","Газ, %","Нефть, %","Давление, Па","Температура, °С","MassFlowrate","WaterFlowrate","OilFlowrate","GasFlowrate","Плотность нефти","Плотность Воды"
"32490","2","01.26.2017 13:30:04.234","105,318572806882","42,9809733073981","54,9158592424653","2,10316745013655","3750","0,570901393890381","0","0","0","0","0","0"
"32491","2","01.26.2017 13:30:06.985","105,263432561717","43,1723491144074","54,6889117275684","2,13873915802412","3750","0,174145013093948","0","0","0","0","0","0"
"32492","2","01.26.2017 13:30:03.721","105,316122780284","42,9895058790777","54,9057502677322","2,10474385319012","3750","0,570901393890381","0","0","0","0","0","0"
"32493","2","01.26.2017 13:30:08.332","105,263085959058","43,1735479256194","54,6874886930036","2,13896338137701","3750","0,174145013093948","0","0","0","0","0","0"
"32494","2","01.26.2017 13:30:01.868","105,241454079485","43,2482720288763","54,5987547900253","2,15297318109838","3750","0,00368908536620438","0","0","0","0","0","0"
"32495","2","01.26.2017 13:30:00.012","105,244266741826","43,238566495467","54,6102836952948","2,15114980923824","3750","0,00368908536620438","0","0","0","0","0","0"
"32496","2","01.26.2017 13:30:09.090","105,267068302014","43,159771035207","54,7038413542225","2,13638761057044","3750","0,16729436814785","0","0","0","0","0","0"
"32497","2","01.26.2017 13:30:03.462","105,321827613829","42,9696335390528","54,9292926410706","2,10107381987654","3750","0,570901393890381","0","0","0","0","0","0"
"32498","2","01.26.2017 13:30:00.582","105,25013380174","43,2183114175626","54,6343405263568","2,14734805608052","3750","0,00368908536620438","0","0","0","0","0","0"
"32499","2","01.26.2017 13:30:01.287","105,250572706218","43,2167956295174","54,6361406246594","2,14706374582327","3750","0,00368908536620438","0","0","0","0","0","0"
"32500","2","01.26.2017 13:30:03.972","105,324569128132","42,9600781314381","54,9406109888777","2,09931087968418","3750","0,570901393890381","0","0","0","0","0","0"
"32601","2","01.26.2017 13:30:38.152","105,313623293611","42,9814454127223","54,9152999388226","2,10325464845509","4125","0,55014556646347","0","0","0","0","0","0"
"32602","2","01.26.2017 13:30:42.441","105,276432286052","43,1106687351726","54,7621054849116","2,1272257799158","4125","0,25877171754837","0","0","0","0","0","0"
"32603","2","01.26.2017 13:30:39.502","105,31175537937","42,9879508319251","54,9075926793397","2,10445648873517","4125","0,55014556646347","0","0","0","0","0","0"
"32604","2","01.26.2017 13:30:39.247","105,312399502628","42,9857077194974","54,9102502539779","2,10404202652468","4125","0,55014556646347","0","0","0","0","0","0"
"32605","2","01.26.2017 13:30:36.812","105,26056453167","43,165617666831","54,6969018943293","2,13748043883969","4125","0,206383496522903","0","0","0","0","0","0"
"32606","2","01.26.2017 13:30:40.781","105,275324465235","43,1145085051455","54,7575503113047","2,12794118354972","4125","0,25877171754837","0","0","0","0","0","0"
"32607","2","01.26.2017 13:30:41.602","105,282223875427","43,0905861176588","54,7859268711734","2,12348701116779","4125","0,25877171754837","0","0","0","0","0","0"
"32608","2","01.26.2017 13:30:32.514","105,289716318035","43,0645838969017","54,8167626268247","2,11865347627366","4125","0,341587036848068","0","0","0","0","0","0"
"32609","2","01.26.2017 13:30:37.569","105,317410841256","42,9682493340984","54,9309322979231","2,10081836797852","4125","0,55014556646347","0","0","0","0","0","0"
"32610","2","01.26.2017 13:30:36.161","105,266242844217","43,1459662137896","54,7202248950189","2,13380889119154","4125","0,206383496522903","0","0","0","0","0","0"
"32611","2","01.26.2017 13:30:35.015","105,274630467156","43,1169136735466","54,7546969351847","2,12838939126875","4125","0,206383496522903","0","0","0","0","0","0"
"32612","2","01.26.2017 13:30:38.981","105,317788143498","42,9669344095194","54,9324898666609","2,10057572381968","4125","0,55014556646347","0","0","0","0","0","0"
"32613","2","01.26.2017 13:30:31.902","105,286710584313","43,0750181587965","54,804389737299","2,12059210390454","4125","0,341587036848068","0","0","0","0","0","0"
"32614","2","01.26.2017 13:30:42.972","105,291197472414","43,0594406570587","54,8228609623419","2,11769838059932","4125","0,25877171754837","0","0","0","0","0","0"
"32615","2","01.26.2017 13:30:39.772","105,318623408933","42,9640232070044","54,9359381988711","2,10003859412444","4125","0,55014556646347","0","0","0","0","0","0"
"32616","2","01.26.2017 13:30:37.084","105,310716736651","42,9915674151265","54,9033077243642","2,10512486050929","4125","0,55014556646347","0","0","0","0","0","0"
"32617","2","01.26.2017 13:30:41.872","105,281056579634","43,0946349459054","54,7811246685966","2,12424038549803","4125","0,25877171754837","0","0","0","0","0","0"
"32618","2","01.26.2017 13:30:35.281","105,271663949141","43,1271923259009","54,7425020500364","2,13030562406268","4125","0,206383496522903","0","0","0","0","0","0"
"32619","2","01.26.2017 13:30:40.022","105,316050802498","42,9729885951318","54,9253183175483","2,10169308731987","4125","0,55014556646347","0","0","0","0","0","0"
"32620","2","01.26.2017 13:30:42.711","105,268541121261","43,1380085370149","54,7296680164316","2,1323234465535","4125","0,25877171754837","0","0","0","0","0","0"
"32621","2","01.26.2017 13:30:34.452","105,273112163619","43,1221748939713","54,7484550329259","2,12937007310279","4125","0,206383496522903","0","0","0","0","0","0"
"32622","2","01.26.2017 13:30:38.442","105,320092783543","42,9589010855147","54,9420051166433","2,09909379784205","4125","0,55014556646347","0","0","0","0","0","0"
"32623","2","01.26.2017 13:30:36.522","105,269377030782","43,1351136887999","54,7331030520143","2,13178325918575","4125","0,206383496522903","0","0","0","0","0","0"
"32624","2","01.26.2017 13:30:38.703","105,325031287485","42,9416781572229","54,9624024695271","2,09591937325006","4125","0,55014556646347","0","0","0","0","0","0"
"32625","2","01.26.2017 13:30:41.062","105,281060844163","43,0946201552409","54,7811422117546","2,12423763300452","4125","0,25877171754837","0","0","0","0","0","0"
"32626","2","01.26.2017 13:30:33.702","105,281612857747","43,092705539596","54,7834131085873","2,12388135181671","4125","0,341587036848068","0","0","0","0","0","0"
"32627","2","01.26.2017 13:30:42.171","105,270296507757","43,1319290966143","54,7368817823418","2,13118912104397","4125","0,25877171754837","0","0","0","0","0","0"
"32628","2","01.26.2017 13:30:37.884","105,319031137959","42,9626020012642","54,9376215847827","2,09977641395311","4125","0,55014556646347","0","0","0","0","0","0"
"32629","2","01.26.2017 13:30:33.971","105,267885767421","43,1402778949884","54,7269751190843","2,13274698592738","4125","0,206383496522903","0","0","0","0","0","0"
"32630","2","01.26.2017 13:30:35.888","105,271097896779","43,1291532082902","54,7401754588866","2,13067133282323","4125","0,206383496522903","0","0","0","0","0","0"
"32631","2","01.26.2017 13:30:33.073","105,285933135152","43,0777163836176","54,8011899811542","2,12109363522823","4125","0,341587036848068","0","0","0","0","0","0"
"32632","2","01.26.2017 13:30:32.177","105,292628125839","43,0544718449001","54,8287521715427","2,11677598355718","4125","0,341587036848068","0","0","0","0","0","0"
"32633","2","01.26.2017 13:30:34.742","105,270194925954","43,132280940941","54,73646430165","2,13125475740905","4125","0,206383496522903","0","0","0","0","0","0"
"32634","2","01.26.2017 13:30:40.311","105,281265593049","43,0939100153713","54,7819845031698","2,12410548145892","4125","0,25877171754837","0","0","0","0","0","0"
"32635","2","01.26.2017 13:30:41.332","105,275291357603","43,1146232499693","54,757414185151","2,1279625648797","4125","0,25877171754837","0","0","0","0","0","0"
"32636","2","01.26.2017 13:30:35.572","105,276345307716","43,1276517403854","54,7419569579194","2,13039130169519","3750","0,206383496522903","0","0","0","0","0","0"
"32637","2","01.26.2017 13:30:33.396","105,282114838368","43,090964343781","54,7854782761195","2,12355738009942","4125","0,341587036848068","0","0","0","0","0","0"
"32638","2","01.26.2017 13:30:32.756","105,298766862854","43,049869983784","54,834208039983","2,11592197623299","3750","0,341587036848068","0","0","0","0","0","0"
"32564","2","01.26.2017 13:30:30.282","105,327834697549","42,9486913992054","54,9540970396338","2,09721156116083","3750","0,643245398998261","0","0","0","0","0","0"
"32565","2","01.26.2017 13:30:24.522","105,274322632638","43,1346578243674","54,7336439729434","2,13169820268919","3750","0,198323860764503","0","0","0","0","0","0"
"32566","2","01.26.2017 13:30:30.856","105,293204332208","43,0691874035503","54,8113039782255","2,11950861822419","3750","0,341587036848068","0","0","0","0","0","0"
"32567","2","01.26.2017 13:30:25.032","105,267489401596","43,1583138619602","54,7055708327582","2,13611530528164","3750","0,198323860764503","0","0","0","0","0","0"
"32568","2","01.26.2017 13:30:28.681","105,330969916859","42,9377542791989","54,967049050923","2,09519666987803","3750","0,643245398998261","0","0","0","0","0","0"
"32569","2","01.26.2017 13:30:26.761","105,27790550319","43,122246393959","54,7483702031725","2,12938340286848","3750","0,198323860764503","0","0","0","0","0","0"
"32570","2","01.26.2017 13:30:30.542","105,340404741223","42,9048117716245","55,0060512702427","2,08913695813274","3750","0,643245398998261","0","0","0","0","0","0"
"32571","2","01.26.2017 13:30:30.031","105,327588347829","42,9495505787214","54,9530795140008","2,09736990727786","3750","0,643245398998261","0","0","0","0","0","0"
"32572","2","01.26.2017 13:30:27.021","105,272006346188","43,1426787905894","54,7241260674359","2,13319514197461","3750","0,198323860764503","0","0","0","0","0","0"
"32573","2","01.26.2017 13:30:25.602","105,276110035298","43,1284667593173","54,7409899373264","2,13054330335627","3750","0,198323860764503","0","0","0","0","0","0"
"32574","2","01.26.2017 13:30:20.672","105,324062365979","42,9618446986861","54,9385185821478","2,09963671916606","3750","0,619667887687683","0","0","0","0","0","0"
"32575","2","01.26.2017 13:30:29.761","105,324720440024","42,9595506357283","54,9412357724386","2,09921359183313","3750","0,643245398998261","0","0","0","0","0","0"
"32576","2","01.26.2017 13:30:31.642","105,293384859885","43,0685606889065","54,8120471258662","2,11939218522733","3750","0,341587036848068","0","0","0","0","0","0"
"32577","2","01.26.2017 13:30:26.202","105,273255172316","43,1383545660722","54,7292574105792","2,13238802334858","3750","0,198323860764503","0","0","0","0","0","0"
"32578","2","01.26.2017 13:30:22.874","105,252579787247","43,209863063582","54,6443731592375","2,14576377718055","3750","0,0167852770537138","0","0","0","0","0","0"
"32579","2","01.26.2017 13:30:28.121","105,332561542503","42,9322000878024","54,9736258865555","2,09417402564215","3750","0,643245398998261","0","0","0","0","0","0"
"32580","2","01.26.2017 13:30:21.214","105,322105108708","42,9686665098546","54,9304381358466","2,10089535429878","3750","0,619667887687683","0","0","0","0","0","0"
"32581","2","01.26.2017 13:30:31.391","105,285781373367","43,0949442524151","54,7807578005649","2,12429794702","3750","0,341587036848068","0","0","0","0","0","0"
"32582","2","01.26.2017 13:30:21.471","105,251892359768","43,2122376542664","54,6415533580104","2,1462089877232","3750","0,0167852770537138","0","0","0","0","0","0"
"32583","2","01.26.2017 13:30:22.621","105,252232004284","43,2110644386694","54,6429465473827","2,14598901394797","3750","0,0167852770537138","0","0","0","0","0","0"
"32584","2","01.26.2017 13:30:21.981","105,245620534946","43,2338939317954","54,6158336973198","2,15027237088475","3750","0,0167852770537138","0","0","0","0","0","0"
"32585","2","01.26.2017 13:30:20.944","105,326803704789","42,9522869347985","54,9498387878166","2,09787427738485","3750","0,619667887687683","0","0","0","0","0","0"
"32586","2","01.26.2017 13:30:27.601","105,325692353797","42,9561621351731","54,9452491426276","2,09858872219927","3750","0,643245398998261","0","0","0","0","0","0"
"32587","2","01.26.2017 13:30:25.941","105,274480550279","43,1341108960429","54,7342929454317","2,1315961585254","3750","0,198323860764503","0","0","0","0","0","0"
"32588","2","01.26.2017 13:30:23.402","105,247440419141","43,227611552521","54,6232954112362","2,14909303624288","3750","0,0167852770537138","0","0","0","0","0","0"
"32589","2","01.26.2017 13:30:23.912","105,249636907554","43,2200273858111","54,6323026682359","2,14766994595299","3750","0,0167852770537138","0","0","0","0","0","0"
"32590","2","01.26.2017 13:30:28.962","105,334563781914","42,9252112223757","54,9819009970054","2,09288778061892","3750","0,643245398998261","0","0","0","0","0","0"
"32591","2","01.26.2017 13:30:23.651","105,247016432798","43,2290753009149","54,6215569278646","2,14936777122056","3750","0,0167852770537138","0","0","0","0","0","0"
"32592","2","01.26.2017 13:30:25.312","105,273067885954","43,139003111475","54,7284878281637","2,13250906036134","3750","0,198323860764503","0","0","0","0","0","0"
"32593","2","01.26.2017 13:30:29.222","105,327079609874","42,9513247804997","54,95097829886","2,09769692064032","3750","0,643245398998261","0","0","0","0","0","0"
"32594","2","01.26.2017 13:30:28.412","105,332962475766","42,9308007797667","54,9752827754655","2,09391644476786","3750","0,643245398998261","0","0","0","0","0","0"
"32595","2","01.26.2017 13:30:22.332","105,249565947089","43,2202724318944","54,6320116523617","2,14771591574389","3750","0,0167852770537138","0","0","0","0","0","0"
"32596","2","01.26.2017 13:30:26.482","105,275458977266","43,1307219995992","54,7383140513235","2,13096394907728","3750","0,198323860764503","0","0","0","0","0","0"
"32597","2","01.26.2017 13:30:27.312","105,274830482882","43,1328989099897","54,7357310472129","2,13137004279737","3750","0,198323860764503","0","0","0","0","0","0"
"32598","2","01.26.2017 13:30:23.152","105,24475628899","43,2202575235519","54,6320293574775","2,14771311897064","4125","0,0167852770537138","0","0","0","0","0","0"
"32599","2","01.26.2017 13:30:29.492","105,338542632817","42,9113170133012","54,998350490227","2,09033249647185","3750","0,643245398998261","0","0","0","0","0","0"
"32600","2","01.26.2017 13:30:24.181","105,250059189189","43,218569089814","54,634034520871","2,14739638931504","3750","0,0167852770537138","0","0","0","0","0","0"
"32526","2","01.26.2017 13:30:10.761","105,267554396903","43,1580889456235","54,7058377774642","2,13607327691229","3750","0,16729436814785","0","0","0","0","0","0"
"32527","2","01.26.2017 13:30:20.110","105,322214964971","42,9682836665471","54,9308916297884","2,10082470366447","3750","0,619667887687683","0","0","0","0","0","0"
"32528","2","01.26.2017 13:30:18.252","105,325631783965","42,9563733205136","54,9449990170407","2,09862766244566","3750","0,619667887687683","0","0","0","0","0","0"
"32529","2","01.26.2017 13:30:09.932","105,268619003633","43,1544046236904","54,710210473968","2,13538490234163","3750","0,16729436814785","0","0","0","0","0","0"
"32530","2","01.26.2017 13:30:19.011","105,324018834439","42,9619964433511","54,9383388466859","2,09966470996302","3750","0,619667887687683","0","0","0","0","0","0"
"32531","2","01.26.2017 13:30:17.987","105,2858451649","43,0947230059029","54,7810202208712","2,12425677322589","3750","0,327079087495804","0","0","0","0","0","0"
"32532","2","01.26.2017 13:30:09.664","105,262452047937","43,1757403374282","54,6848861724539","2,1393734901179","3750","0,16729436814785","0","0","0","0","0","0"
"32533","2","01.26.2017 13:30:17.732","105,290355758669","43,0790745127771","54,7995793767737","2,12134611044914","3750","0,327079087495804","0","0","0","0","0","0"
"32534","2","01.26.2017 13:30:15.812","105,284207775075","43,1004013614221","54,7742849401018","2,12531369847614","3750","0,327079087495804","0","0","0","0","0","0"
"32535","2","01.26.2017 13:30:09.370","105,261376325886","43,1794603985626","54,6804701123694","2,14006948906802","3750","0,16729436814785","0","0","0","0","0","0"
"32536","2","01.26.2017 13:30:19.544","105,332006739136","42,9341362907924","54,9713332317662","2,0945304774414","3750","0,619667887687683","0","0","0","0","0","0"
"32537","2","01.26.2017 13:30:16.920","105,295507317226","43,0611913369883","54,8207852188331","2,1180234441786","3750","0,327079087495804","0","0","0","0","0","0"
"32538","2","01.26.2017 13:30:14.744","105,301933915157","43,0388652861719","54,8472539206394","2,11388079318871","3750","0,41412764787674","0","0","0","0","0","0"
"32539","2","01.26.2017 13:30:13.912","105,300708360413","43,0431243162121","54,8422050899442","2,11467059384363","3750","0,41412764787674","0","0","0","0","0","0"
"32540","2","01.26.2017 13:30:16.092","105,293548595255","43,0679922573919","54,8127211582074","2,11928658440071","3750","0,327079087495804","0","0","0","0","0","0"
"32541","2","01.26.2017 13:30:12.765","105,303856792746","43,0321815484708","54,8551766502667","2,11264180126248","3750","0,41412764787674","0","0","0","0","0","0"
"32542","2","01.26.2017 13:30:10.512","105,266826504192","43,1606077194049","54,7028483054798","2,13654397511535","3750","0,16729436814785","0","0","0","0","0","0"
"32543","2","01.26.2017 13:30:10.192","105,259352640817","43,1864574309685","54,6721635358632","2,14137903316824","3750","0,16729436814785","0","0","0","0","0","0"
"32544","2","01.26.2017 13:30:11.857","105,297215083777","43,0552603618071","54,8278172966505","2,11692234154235","3750","0,41412764787674","0","0","0","0","0","0"
"32545","2","01.26.2017 13:30:17.172","105,29044208601","43,0787749321564","54,7999346511456","2,121290416698","3750","0,327079087495804","0","0","0","0","0","0"
"32546","2","01.26.2017 13:30:13.352","105,297118053488","43,0555973775522","54,8274177245066","2,11698489794121","3750","0,41412764787674","0","0","0","0","0","0"
"32547","2","01.26.2017 13:30:19.822","105,327538712704","42,9497236846548","54,9528745036556","2,09740181168965","3750","0,619667887687683","0","0","0","0","0","0"
"32548","2","01.26.2017 13:30:15.022","105,289549565221","43,0651628768396","54,8160761104972","2,11876101266328","4125","0,327079087495804","0","0","0","0","0","0"
"32549","2","01.26.2017 13:30:14.188","105,300672036717","43,0265172126383","54,8618905763919","2,11159221096985","4125","0,41412764787674","0","0","0","0","0","0"
"32550","2","01.26.2017 13:30:18.722","105,326619504139","42,9529292707145","54,949078041752","2,09799268753354","3750","0,619667887687683","0","0","0","0","0","0"
"32551","2","01.26.2017 13:30:11.042","105,26245940479","43,159061392162","54,7046836130503","2,13625499478773","4125","0,16729436814785","0","0","0","0","0","0"
"32552","2","01.26.2017 13:30:15.521","105,287277481603","43,0730505091222","54,8067230669907","2,12022642388712","4125","0,327079087495804","0","0","0","0","0","0"
"32553","2","01.26.2017 13:30:11.297","105,262159928856","43,1600976796421","54,7034536655173","2,13644865484061","4125","0,16729436814785","0","0","0","0","0","0"
"32554","2","01.26.2017 13:30:13.031","105,296695184148","43,0570660820979","54,8256763847971","2,11725753310508","3750","0,41412764787674","0","0","0","0","0","0"
"32555","2","01.26.2017 13:30:11.581","105,267404939158","43,1586061417117","54,7052239360561","2,13616992223218","3750","0,16729436814785","0","0","0","0","0","0"
"32556","2","01.26.2017 13:30:12.402","105,299593493757","43,046998091547","54,8376127625312","2,11538914592181","3750","0,41412764787674","0","0","0","0","0","0"
"32557","2","01.26.2017 13:30:16.371","105,296806012224","43,0566811631734","54,826132758656","2,11718607817058","3750","0,327079087495804","0","0","0","0","0","0"
"32558","2","01.26.2017 13:30:13.622","105,309464905048","43,0126785744415","54,8782918207419","2,10902960481665","3750","0,41412764787674","0","0","0","0","0","0"
"32559","2","01.26.2017 13:30:16.631","105,292989677248","43,0699325745979","54,8104203607391","2,11964706466298","3750","0,327079087495804","0","0","0","0","0","0"
"32560","2","01.26.2017 13:30:20.404","105,321859384991","42,9695228230624","54,9294237903289","2,10105338660872","3750","0,619667887687683","0","0","0","0","0","0"
"32561","2","01.26.2017 13:30:19.252","105,323164314064","42,9481905888281","54,9546901446941","2,09711926647775","4125","0,619667887687683","0","0","0","0","0","0"
"32562","2","01.26.2017 13:30:14.452","105,298830116117","43,0329209611669","54,8543001966657","2,11277884216737","4125","0,41412764787674","0","0","0","0","0","0"
"32563","2","01.26.2017 13:30:17.461","105,293227040818","43,0523914756362","54,831218645159","2,1163898792048","4125","0,327079087495804","0","0","0","0","0","0"
"32502","2","01.26.2017 13:30:07.258","105,266680434605","43,1611131469757","54,7022484165333","2,13663843649101","3750","0,174145013093948","0","0","0","0","0","0"
"32504","2","01.26.2017 13:30:00.977","105,24095458943","43,2499952802605","54,5967076775583","2,15329704218112","3750","0,00368908536620438","0","0","0","0","0","0"
"32505","2","01.26.2017 13:30:06.422","105,269486674019","43,1514014982971","54,7137745798649","2,13482392183801","3750","0,174145013093948","0","0","0","0","0","0"
"32506","2","01.26.2017 13:30:04.502","105,315697463761","42,990986814975","54,9039956347602","2,10501755026478","3750","0,570901393890381","0","0","0","0","0","0"
"32507","2","01.26.2017 13:30:08.042","105,274186697079","43,1351286120241","54,7330853443299","2,13178604364602","3750","0,174145013093948","0","0","0","0","0","0"
"32509","2","01.26.2017 13:30:06.702","105,265532281843","43,1650856597391","54,697533358859","2,13738098140185","3750","0,174145013093948","0","0","0","0","0","0"
"32510","2","01.26.2017 13:30:04.782","105,315777656119","42,9907075947985","54,9043264607072","2,10496594449436","3750","0,570901393890381","0","0","0","0","0","0"
"32511","2","01.26.2017 13:30:03.182","105,31307840831","43,0001043822794","54,8931924162279","2,10670320149276","3750","0,570901393890381","0","0","0","0","0","0"
"32512","2","01.26.2017 13:30:00.300","105,248953335458","43,2223878668894","54,6294993397829","2,14811279332761","3750","0,00368908536620438","0","0","0","0","0","0"
"32513","2","01.26.2017 13:30:07.522","105,270789589131","43,1468913427982","54,7191270246417","2,13398163256019","3750","0,174145013093948","0","0","0","0","0","0"
"32514","2","01.26.2017 13:30:02.912","105,317681014578","42,9840794334864","54,9121793608137","2,10374120569996","3750","0,570901393890381","0","0","0","0","0","0"
"32515","2","01.26.2017 13:30:02.144","105,313437317946","42,9820931880418","54,9145325142394","2,10337429771881","4125","0,570901393890381","0","0","0","0","0","0"
"32516","2","01.26.2017 13:30:08.612","105,266089788762","43,1464960825403","54,7195960896965","2,13390782776317","4125","0,16729436814785","0","0","0","0","0","0"
"32517","2","01.26.2017 13:30:01.572","105,251521624891","43,2135182115643","54,6400326822354","2,14644910620024","3750","0,00368908536620438","0","0","0","0","0","0"
"32518","2","01.26.2017 13:30:07.781","105,272791918829","43,1399587185679","54,727353868415","2,13268741301712","3750","0,174145013093948","0","0","0","0","0","0"
"32519","2","01.26.2017 13:30:02.619","105,313222975776","42,9828397468127","54,9136480536234","2,10351219956389","4125","0,570901393890381","0","0","0","0","0","0"
"32521","2","01.26.2017 13:30:06.143","105,269420952144","43,1349615760623","54,7332835466615","2,13175487727617","4125","0,174145013093948","0","0","0","0","0","0"
"32522","2","01.26.2017 13:30:05.372","105,26895019973","43,1365918892903","54,7313490274514","2,13205908325834","4125","0,174145013093948","0","0","0","0","0","0"
"32523","2","01.26.2017 13:30:05.052","105,322082738809","42,9687444670653","54,9303457920388","2,10090974089584","3750","0,570901393890381","0","0","0","0","0","0"
"32524","2","01.26.2017 13:30:05.874","105,263561506919","43,1552474283537","54,7092102149416","2,13554235670469","4125","0,174145013093948","0","0","0","0","0","0"
"32639","2","01.26.2017 13:30:50.250","105,344380215076","42,8909176510526","55,0224970626502","2,08658528629724","3750","0,736347734928131","0","0","0","0","0","0"
"32640","2","01.26.2017 13:30:45.451","105,289953482763","43,0804704820973","54,7979238743537","2,12160564354901","3750","0,348035007715225","0","0","0","0","0","0"
"32641","2","01.26.2017 13:30:44.360","105,287676107205","43,0883720386243","54,7885528445163","2,12307511685944","3750","0,348035007715225","0","0","0","0","0","0"
"32642","2","01.26.2017 13:30:52.172","105,338260843305","42,9123012876726","54,9971852784022","2,09051343392522","3750","0,736347734928131","0","0","0","0","0","0"
"32643","2","01.26.2017 13:30:48.962","105,308578382727","43,0157625451376","54,8746369727148","2,10960048214761","3750","0,449391037225723","0","0","0","0","0","0"
"32644","2","01.26.2017 13:30:48.131","105,308765540478","43,0151115045103","54,8754085380155","2,10947995747422","3750","0,449391037225723","0","0","0","0","0","0"
"32645","2","01.26.2017 13:30:44.931","105,294028237655","43,066327039198","54,8146957109428","2,11897724985929","3750","0,348035007715225","0","0","0","0","0","0"
"32646","2","01.26.2017 13:30:45.702","105,288095017296","43,0869187639799","54,7902764454805","2,12280479053959","3750","0,348035007715225","0","0","0","0","0","0"
"32647","2","01.26.2017 13:30:51.332","105,343063721526","42,8955196325477","55,017050193714","2,08743017373831","3750","0,736347734928131","0","0","0","0","0","0"
"32648","2","01.26.2017 13:30:47.812","105,304822880899","43,0288228796356","54,8591577215819","2,11201939878246","3750","0,449391037225723","0","0","0","0","0","0"
"32649","2","01.26.2017 13:30:52.442","105,345390480172","42,8873855325744","55,0266774672114","2,08593700021421","3750","0,736347734928131","0","0","0","0","0","0"
"32650","2","01.26.2017 13:30:44.061","105,291973039473","43,0734615370932","54,8062356549771","2,12030280792975","3750","0,348035007715225","0","0","0","0","0","0"
"32651","2","01.26.2017 13:30:49.232","105,308773526346","43,0150837247784","54,8754414603868","2,10947481483486","3750","0,449391037225723","0","0","0","0","0","0"
"32652","2","01.26.2017 13:30:43.542","105,295981546958","43,0595444956783","54,8227378441724","2,11771766014926","3750","0,348035007715225","0","0","0","0","0","0"
"32653","2","01.26.2017 13:30:53.460","105,298621202132","43,0503760081938","54,8336081209405","2,11601587086579","3750","0,372215092182159","0","0","0","0","0","0"
"32654","2","01.26.2017 13:30:52.712","105,343741176987","42,8931516055851","55,0198530053898","2,08699538902511","3750","0,736347734928131","0","0","0","0","0","0"
"32655","2","01.26.2017 13:30:53.742","105,293494711272","43,0681793249152","54,8124993384987","2,11932133658612","3750","0,372215092182159","0","0","0","0","0","0"
"32656","2","01.26.2017 13:30:50.542","105,33701750277","42,9166437276988","54,992044428589","2,09131184371222","3750","0,736347734928131","0","0","0","0","0","0"
"32657","2","01.26.2017 13:30:51.052","105,352541728462","42,8623681081239","55,0562820373997","2,08134985447641","3750","0,736347734928131","0","0","0","0","0","0"
"32658","2","01.26.2017 13:30:49.772","105,344907643469","42,8890737055336","55,024679466315","2,08624682815141","3750","0,736347734928131","0","0","0","0","0","0"
"32659","2","01.26.2017 13:30:48.428","105,306618793866","43,0225781294133","54,8665593306287","2,11086253995801","3750","0,449391037225723","0","0","0","0","0","0"
"32660","2","01.26.2017 13:30:46.508","105,29464136149","43,0641982518465","54,8172198970908","2,11858185106269","3750","0,348035007715225","0","0","0","0","0","0"
"32661","2","01.26.2017 13:30:44.652","105,295567354802","43,0609828521348","54,8210324168038","2,11798473106144","3750","0,348035007715225","0","0","0","0","0","0"
"32662","2","01.26.2017 13:30:47.522","105,303175147835","43,0345510741684","54,852367938793","2,11308098703857","3750","0,449391037225723","0","0","0","0","0","0"
"32663","2","01.26.2017 13:30:46.242","105,301031903943","43,0420000088586","54,8435379121377","2,11446207900368","3750","0,348035007715225","0","0","0","0","0","0"
"32664","2","01.26.2017 13:30:49.507","105,301596200454","43,0400389756791","54,8458626027287","2,11409842159213","3750","0,449391037225723","0","0","0","0","0","0"
"32665","2","01.26.2017 13:30:45.991","105,295426126155","43,0614732763278","54,8204509259203","2,11807579775186","3750","0,348035007715225","0","0","0","0","0","0"
"32666","2","01.26.2017 13:30:45.182","105,297526257754","43,0541795312191","54,8290987401348","2,11672172864605","3750","0,348035007715225","0","0","0","0","0","0"
"32667","2","01.26.2017 13:30:47.231","105,305733185206","43,0256577544174","54,8629092559506","2,11143298963196","3750","0,449391037225723","0","0","0","0","0","0"
"32668","2","01.26.2017 13:30:54.012","105,290166472837","43,0797313773577","54,798800393483","2,12146822915933","3750","0,372215092182159","0","0","0","0","0","0"
"32669","2","01.26.2017 13:30:51.581","105,342686916835","42,8968366418864","55,0154913422601","2,08767201585342","3750","0,736347734928131","0","0","0","0","0","0"
"32670","2","01.26.2017 13:30:43.261","105,28168706915","43,0924481330412","54,7837184112382","2,12383345572066","4125","0,25877171754837","0","0","0","0","0","0"
"32671","2","01.26.2017 13:30:51.891","105,342417534293","42,8977781446257","55,0143769380699","2,08784491730444","3750","0,736347734928131","0","0","0","0","0","0"
"32672","2","01.26.2017 13:30:50.801","105,341391678227","42,8845351187886","55,0300509308449","2,08541395036653","4125","0,736347734928131","0","0","0","0","0","0"
"32673","2","01.26.2017 13:30:52.982","105,290323124281","43,0624769091423","54,8192609197191","2,1182621711385","4125","0,372215092182159","0","0","0","0","0","0"
"32674","2","01.26.2017 13:30:48.692","105,30999344679","43,0108397470465","54,8804709795419","2,10868927341165","3750","0,449391037225723","0","0","0","0","0","0"
"32675","2","01.26.2017 13:30:46.772","105,308513965017","42,9992358402712","54,8942215783622","2,10654258136663","4125","0,449391037225723","0","0","0","0","0","0"
"32676","2","01.26.2017 13:30:55.439","105,294697285507","43,0640040733491","54,8174501393474","2,11854578730355","3750","0,372215092182159","0","0","0","0","0","0"
"32677","2","01.26.2017 13:30:58.382","105,29988584868","43,045982314044","54,8388169758737","2,11520071008229","3750","0,34662452340126","0","0","0","0","0","0"
"32678","2","01.26.2017 13:30:55.177","105,293154553222","43,0693602122799","54,8110990637086","2,1195407240115","3750","0,372215092182159","0","0","0","0","0","0"
"32679","2","01.26.2017 13:31:01.701","105,260644701977","43,1819902309223","54,677466871081","2,14054289799671","3750","0,163063108921051","0","0","0","0","0","0"
"32680","2","01.26.2017 13:30:54.912","105,293411299076","43,0684689021564","54,8121559646415","2,11937513320203","3750","0,372215092182159","0","0","0","0","0","0"
"32681","2","01.26.2017 13:30:54.337","105,300565141915","43,0436219824599","54,8416151212002","2,11476289633993","3750","0,372215092182159","0","0","0","0","0","0"
"32682","2","01.26.2017 13:31:00.032","105,273842513585","43,1363205930183","54,7316709480807","2,13200845890098","3750","0,163063108921051","0","0","0","0","0","0"
"32683","2","01.26.2017 13:30:58.112","105,294994668391","43,0629714816644","54,8186745011521","2,11835401718351","3750","0,34662452340126","0","0","0","0","0","0"
"32684","2","01.26.2017 13:30:57.024","105,300240510654","43,0447500007161","54,8402778773661","2,11497212191777","3750","0,34662452340126","0","0","0","0","0","0"
"32685","2","01.26.2017 13:31:01.151","105,272886528196","43,1396311129256","54,7277426189741","2,1326262681003","3750","0,163063108921051","0","0","0","0","0","0"
"32686","2","01.26.2017 13:31:00.312","105,264791625303","43,167647981637","54,6944919860728","2,13786003229022","3750","0,163063108921051","0","0","0","0","0","0"
"32687","2","01.26.2017 13:30:56.472","105,298440093338","43,0510051656053","54,8328622167475","2,11613261764718","3750","0,34662452340126","0","0","0","0","0","0"
"32688","2","01.26.2017 13:31:03.062","105,248270994555","43,2247439138976","54,6267012119725","2,14855487412984","3750","0,0586934275925159","0","0","0","0","0","0"
"32689","2","01.26.2017 13:30:58.641","105,290225552963","43,0795263576785","54,7990435292522","2,12143011306936","3750","0,34662452340126","0","0","0","0","0","0"
"32690","2","01.26.2017 13:31:05.232","105,257002224817","43,1945820818033","54,6625175706024","2,14290034759431","3750","0,0586934275925159","0","0","0","0","0","0"
"32691","2","01.26.2017 13:31:03.632","105,252784675278","43,2091552797047","54,6452136322178","2,14563108807751","3750","0,0586934275925159","0","0","0","0","0","0"
"32692","2","01.26.2017 13:31:04.722","105,248615131889","43,2235556688539","54,6281124235045","2,14833190764153","3750","0,0586934275925159","0","0","0","0","0","0"
"32693","2","01.26.2017 13:31:01.996","105,272208883266","43,1419775238382","54,7249582412119","2,13306423494991","3750","0,163063108921051","0","0","0","0","0","0"
"32694","2","01.26.2017 13:30:54.632","105,2981947913","43,051857301568","54,8318519502438","2,11629074818825","3750","0,372215092182159","0","0","0","0","0","0"
"32695","2","01.26.2017 13:31:00.841","105,268832149582","43,1536669255184","54,7110859833383","2,13524709114337","3750","0,163063108921051","0","0","0","0","0","0"
"32696","2","01.26.2017 13:30:56.745","105,289777596379","43,0810808168591","54,7972000611072","2,12171912203367","3750","0,34662452340126","0","0","0","0","0","0"
"32697","2","01.26.2017 13:30:57.832","105,296464956824","43,0578656709794","54,8247283573737","2,11740597164691","3750","0,34662452340126","0","0","0","0","0","0"
"32698","2","01.26.2017 13:30:58.922","105,290747881563","43,077713707434","54,8011931548161","2,12109313774985","3750","0,34662452340126","0","0","0","0","0","0"
"32699","2","01.26.2017 13:30:59.750","105,269875372474","43,1500560584125","54,7153713114295","2,13457263015801","3750","0,163063108921051","0","0","0","0","0","0"
"32700","2","01.26.2017 13:31:04.992","105,252782439139","43,2091630045148","54,64520445926","2,14563253622516","3750","0,0586934275925159","0","0","0","0","0","0"
"32701","2","01.26.2017 13:30:57.312","105,298411855742","43,0511032594084","54,8327459201689","2,11615082042266","3750","0,34662452340126","0","0","0","0","0","0"
"32702","2","01.26.2017 13:30:55.714","105,295598413902","43,0608749965139","54,821160299701","2,11796470378513","3750","0,372215092182159","0","0","0","0","0","0"
"32703","2","01.26.2017 13:30:55.996","105,293554613692","43,0679713632709","54,8127459338755","2,11928270285363","3750","0,34662452340126","0","0","0","0","0","0"
"32704","2","01.26.2017 13:30:59.192","105,263614845848","43,1717186198461","54,6896601417604","2,13862123839349","3750","0,163063108921051","0","0","0","0","0","0"
"32705","2","01.26.2017 13:31:03.931","105,253117594068","43,20800517923","54,6465793308257","2,14541548994426","3750","0,0586934275925159","0","0","0","0","0","0"
"32706","2","01.26.2017 13:31:02.779","105,249267956526","43,2046735320676","54,6505354413453","2,14479102658705","4125","0,0586934275925159","0","0","0","0","0","0"
"32707","2","01.26.2017 13:31:04.442","105,253512549196","43,2066407111449","54,6481995622151","2,14515972664006","3750","0,0586934275925159","0","0","0","0","0","0"
"32708","2","01.26.2017 13:31:03.348","105,253121534646","43,1913562741939","54,6663474938048","2,14229623200131","4125","0,0586934275925159","0","0","0","0","0","0"
"32709","2","01.26.2017 13:31:01.431","105,267953212541","43,1567088053552","54,7074758005938","2,13581539405094","3750","0,163063108921051","0","0","0","0","0","0"
"32710","2","01.26.2017 13:30:57.591","105,283626737435","43,0857194262555","54,7916988549033","2,12258171884126","4125","0,34662452340126","0","0","0","0","0","0"
"32711","2","01.26.2017 13:31:04.182","105,255031917221","43,2013911083188","54,654432974162","2,14417591751921","3750","0,0586934275925159","0","0","0","0","0","0"
"32712","2","01.26.2017 13:31:02.262","105,251762545071","43,1960533710496","54,6607707036278","2,14317592532262","4125","0,0586934275925159","0","0","0","0","0","0"
"32713","2","01.26.2017 13:31:00.592","105,271114238612","43,145767429728","54,7204607949769","2,13377177529507","3750","0,163063108921051","0","0","0","0","0","0"
"32714","2","01.26.2017 13:31:12.332","105,260177284341","43,1669573633772","54,6953117298082","2,13773090681467","4125","0,207592442631721","0","0","0","0","0","0"
"32715","2","01.26.2017 13:31:07.532","105,262946736689","43,1573749805372","54,7066851516578","2,13593986780495","4125","0,103019922971725","0","0","0","0","0","0"
"32716","2","01.26.2017 13:31:10.222","105,226270036822","43,2840295991875","54,556270002495","2,15970039831752","4125","-0,102495595812798","0","0","0","0","0","0"
"32717","2","01.26.2017 13:31:15.912","105,291294532298","43,0591035867924","54,8232606149943","2,11763579821334","4125","0,37322261929512","0","0","0","0","0","0"
"32718","2","01.26.2017 13:31:15.592","105,294413488476","43,0482697960944","54,8361051275221","2,11562507638345","4125","0,37322261929512","0","0","0","0","0","0"
"32719","2","01.26.2017 13:31:13.992","105,265292191764","43,149257156885","54,7163194158414","2,13442342727362","4125","0,207592442631721","0","0","0","0","0","0"
"32720","2","01.26.2017 13:31:11.496","105,231020146601","43,2676555268354","54,5757264393593","2,15661803380528","4125","-0,102495595812798","0","0","0","0","0","0"
"32721","2","01.26.2017 13:31:16.171","105,292522474968","43,054838813146","54,8283170906348","2,11684409621923","4125","0,37322261929512","0","0","0","0","0","0"
"32722","2","01.26.2017 13:31:14.821","105,291129108161","43,0596780703913","54,8225794686627","2,11774246094607","4125","0,37322261929512","0","0","0","0","0","0"
"32723","2","01.26.2017 13:31:06.308","105,251381756249","43,1973693645057","54,6592081981983","2,14342243729601","4125","0,103019922971725","0","0","0","0","0","0"
"32724","2","01.26.2017 13:31:07.782","105,256647935246","43,1791644470942","54,6808214404321","2,14001411247372","4125","0,103019922971725","0","0","0","0","0","0"
"32725","2","01.26.2017 13:31:08.672","105,217536118149","43,3141144818339","54,5205136688705","2,1653718492956","4125","-0,102495595812798","0","0","0","0","0","0"
"32726","2","01.26.2017 13:31:10.495","105,223232498845","43,2944958815394","54,5438318522025","2,16167226625807","4125","-0,102495595812798","0","0","0","0","0","0"
"32727","2","01.26.2017 13:31:09.662","105,227173600493","43,2809155791453","54,559970465597","2,15911395525777","4125","-0,102495595812798","0","0","0","0","0","0"
"32728","2","01.26.2017 13:31:06.654","105,255093052629","43,1845407639143","54,6744389785047","2,14102025758093","4125","0,103019922971725","0","0","0","0","0","0"
"32729","2","01.26.2017 13:31:16.442","105,287763410719","43,0713637791942","54,8087232314929","2,11991298931288","4125","0,37322261929512","0","0","0","0","0","0"
"32730","2","01.26.2017 13:31:12.602","105,267406841223","43,1419362055433","54,7250072723009","2,13305652215588","4125","0,207592442631721","0","0","0","0","0","0"
"32731","2","01.26.2017 13:31:09.914","105,219487944818","43,3073936293558","54,528502406383","2,16410396426123","4125","-0,102495595812798","0","0","0","0","0","0"
"32732","2","01.26.2017 13:31:16.695","105,295560186105","43,0442856012752","54,8408284158182","2,11488598290663","4125","0,37322261929512","0","0","0","0","0","0"
"32733","2","01.26.2017 13:31:14.262","105,267988670995","43,1399215726465","54,7273979473838","2,13268047996962","4125","0,207592442631721","0","0","0","0","0","0"
"32734","2","01.26.2017 13:31:06.001","105,249214628607","43,2048577819567","54,6503166602178","2,14482555782553","4125","0,103019922971725","0","0","0","0","0","0"
"32735","2","01.26.2017 13:31:13.168","105,268231846179","43,1390795166583","54,7283971632681","2,13252332007352","4125","0,207592442631721","0","0","0","0","0","0"
"32736","2","01.26.2017 13:31:09.422","105,218885880021","43,3094669056081","54,5260380630613","2,16449503133062","4125","-0,102495595812798","0","0","0","0","0","0"
"32737","2","01.26.2017 13:31:05.512","105,256867951329","43,1784036183091","54,6817246259802","2,13987175571069","4125","0,103019922971725","0","0","0","0","0","0"
"32738","2","01.26.2017 13:31:14.532","105,267374449625","43,1420483599095","54,7248741822813","2,13307745780912","4125","0,207592442631721","0","0","0","0","0","0"
"32739","2","01.26.2017 13:31:11.072","105,232996749681","43,2608394959267","54,5838246481963","2,15533585587692","4125","-0,102495595812798","0","0","0","0","0","0"
"32740","2","01.26.2017 13:31:12.892","105,270405599224","43,1315512365367","54,7373301303504","2,13111863311284","4125","0,207592442631721","0","0","0","0","0","0"
"32741","2","01.26.2017 13:31:08.412","105,255221648152","43,1840961564198","54,6749668046139","2,14093703896627","4125","0,103019922971725","0","0","0","0","0","0"
"32742","2","01.26.2017 13:31:10.782","105,220773914914","43,3029648089807","54,5337664375259","2,16326875349339","4125","-0,102495595812798","0","0","0","0","0","0"
"32743","2","01.26.2017 13:31:06.942","105,246827153271","43,213105439293","54,6405228559251","2,14637170478191","4125","0,103019922971725","0","0","0","0","0","0"
"32744","2","01.26.2017 13:31:15.321","105,291806968702","43,0573239238446","54,8253706772411","2,11730539891435","4125","0,37322261929512","0","0","0","0","0","0"
"32745","2","01.26.2017 13:31:13.722","105,263613842126","43,1550663032323","54,7094251789177","2,13550851785008","4125","0,207592442631721","0","0","0","0","0","0"
"32746","2","01.26.2017 13:31:13.461","105,270681224665","43,1305965303571","54,7384629246018","2,13094054504108","4125","0,207592442631721","0","0","0","0","0","0"
"32747","2","01.26.2017 13:31:09.172","105,228305918519","43,2770127567677","54,5646081225353","2,15837912069693","4125","-0,102495595812798","0","0","0","0","0","0"
"32748","2","01.26.2017 13:31:07.252","105,25653433154","43,1795572878029","54,6803550935921","2,14008761860496","4125","0,103019922971725","0","0","0","0","0","0"
"32749","2","01.26.2017 13:31:11.792","105,270212483922","43,1322201265074","54,736536461089","2,13124341240361","4125","0,207592442631721","0","0","0","0","0","0"
"32750","2","01.26.2017 13:31:08.082","105,253963543776","43,1884456522155","54,6698030989541","2,14175124883042","4125","0,103019922971725","0","0","0","0","0","0"
"32751","2","01.26.2017 13:31:20.781","105,219596830494","43,3070186555249","54,5289481035346","2,16403324094046","4125","-0,193552896380425","0","0","0","0","0","0"
"32752","2","01.26.2017 13:31:27.052","105,225260425941","43,2875087395904","54,5521355256666","2,16035573474296","4125","-0,134088397026062","0","0","0","0","0","0"
"32753","2","01.26.2017 13:31:24.878","105,225218787042","43,2876522200148","54,5519650160374","2,16038276394774","4125","-0,134088397026062","0","0","0","0","0","0"
"32754","2","01.26.2017 13:31:25.962","105,218993773355","43,3090953727316","54,5264796791229","2,16442494814553","4125","-0,134088397026062","0","0","0","0","0","0"
"32755","2","01.26.2017 13:31:27.813","105,307352644084","43,003277782869","54,8894320766583","2,10729014047272","4125","0,51387357711792","0","0","0","0","0","0"
"32756","2","01.26.2017 13:31:20.260","105,219263146079","43,3081677638874","54,5275822582446","2,16424997786807","4125","-0,193552896380425","0","0","0","0","0","0"
"32757","2","01.26.2017 13:31:18.662","105,212231694196","43,3323726315966","54,4988085160567","2,1688188523467","4125","-0,193552896380425","0","0","0","0","0","0"
"32758","2","01.26.2017 13:31:20.512","105,215136252022","43,3223762144371","54,5106926551325","2,16693113043031","4125","-0,193552896380425","0","0","0","0","0","0"
"32759","2","01.26.2017 13:31:23.266","105,251902631745","43,1955692215626","54,66134553887","2,14308523956736","4125","0,10181100666523","0","0","0","0","0","0"
"32760","2","01.26.2017 13:31:25.148","105,222725427685","43,2962427384856","54,5417557608965","2,16200150061789","4125","-0,134088397026062","0","0","0","0","0","0"
"32761","2","01.26.2017 13:31:27.321","105,303532669593","43,0165686380827","54,8736816435853","2,10974971833203","4125","0,51387357711792","0","0","0","0","0","0"
"32762","2","01.26.2017 13:31:24.632","105,217646281092","43,3137351872526","54,5209645309669","2,16530028178052","4125","-0,134088397026062","0","0","0","0","0","0"
"32763","2","01.26.2017 13:31:21.560","105,251630780242","43,1965087524708","54,6602300224495","2,14326122507961","4125","0,10181100666523","0","0","0","0","0","0"
"32764","2","01.26.2017 13:31:19.192","105,219323306352","43,3079605930584","54,5278285053338","2,16421090160781","4125","-0,193552896380425","0","0","0","0","0","0"
"32765","2","01.26.2017 13:31:16.954","105,297230486628","43,0384810820842","54,8477093611149","2,11380955680089","4125","0,37322261929512","0","0","0","0","0","0"
"32766","2","01.26.2017 13:31:18.931","105,21411619557","43,3258872154313","54,5065187674039","2,16759401716475","4125","-0,193552896380425","0","0","0","0","0","0"
"32767","2","01.26.2017 13:31:22.642","105,260964433567","43,1642341266023","54,6985440770289","2,13722179636873","4125","0,10181100666523","0","0","0","0","0","0"
"32768","2","01.26.2017 13:31:18.381","105,209652687036","43,3412461136717","54,4882584110971","2,17049547523118","4125","-0,193552896380425","0","0","0","0","0","0"
"32769","2","01.26.2017 13:31:17.228","105,292907622942","43,0535010140635","54,8299031895002","2,11659579643629","4125","0,37322261929512","0","0","0","0","0","0"
"32770","2","01.26.2017 13:31:28.101","105,307971572529","43,0011236998651","54,8919845835275","2,10689171660746","4125","0,51387357711792","0","0","0","0","0","0"
"32771","2","01.26.2017 13:31:19.463","105,22088436987","43,3025843792358","54,5342186002361","2,16319702052814","4125","-0,193552896380425","0","0","0","0","0","0"
"32772","2","01.26.2017 13:31:17.542","105,280227676236","43,0975096809632","54,7777149044996","2,12477541453721","4125","0,37322261929512","0","0","0","0","0","0"
"32773","2","01.26.2017 13:31:23.872","105,25610473495","43,1810427819722","54,6785916255814","2,14036559244649","4125","0,10181100666523","0","0","0","0","0","0"
"32774","2","01.26.2017 13:31:22.912","105,252150132135","43,194713823418","54,6623611543573","2,14292502222475","4125","0,10181100666523","0","0","0","0","0","0"
"32775","2","01.26.2017 13:31:26.242","105,230505716289","43,2694292240897","54,5736189996626","2,15695177624777","4125","-0,134088397026062","0","0","0","0","0","0"
"32776","2","01.26.2017 13:31:25.410","105,231669527913","43,2654163916047","54,5783868425959","2,15619676579938","4125","-0,134088397026062","0","0","0","0","0","0"
"32777","2","01.26.2017 13:31:17.821","105,217976893015","43,312596853379","54,5223176424076","2,1650855042134","4125","-0,193552896380425","0","0","0","0","0","0"
"32778","2","01.26.2017 13:31:23.582","105,27216679621","43,1254502811141","54,7445689510712","2,12998076781467","4125","0,10181100666523","0","0","0","0","0","0"
"32779","2","01.26.2017 13:31:24.152","105,219904241209","43,3059599900608","54,5302064337757","2,16383357616358","4125","-0,134088397026062","0","0","0","0","0","0"
"32780","2","01.26.2017 13:31:19.992","105,21918552376","43,3084350659181","54,5272645373651","2,16430039671677","4125","-0,193552896380425","0","0","0","0","0","0"
"32781","2","01.26.2017 13:31:25.691","105,225558635354","43,2864811429345","54,5533566966238","2,16016216044176","4125","-0,134088397026062","0","0","0","0","0","0"
"32782","2","01.26.2017 13:31:26.772","105,224737043908","43,2893121767105","54,5499923352154","2,16069548807408","4125","-0,134088397026062","0","0","0","0","0","0"
"32783","2","01.26.2017 13:31:21.844","105,255310083333","43,1837903958236","54,6753297940428","2,14087981013364","4125","0,10181100666523","0","0","0","0","0","0"
"32784","2","01.26.2017 13:31:19.732","105,219240200082","43,3082467814847","54,5274883363331","2,16426488218222","4125","-0,193552896380425","0","0","0","0","0","0"
"32785","2","01.26.2017 13:31:22.102","105,26624358091","43,1626246883603","54,7004543589514","2,13692095268832","3750","0,10181100666523","0","0","0","0","0","0"
"32786","2","01.26.2017 13:31:26.512","105,238826150675","43,2573373718894","54,587985353997","2,15467727411365","3750","-0,134088397026062","0","0","0","0","0","0"
"32787","2","01.26.2017 13:31:22.352","105,26007291371","43,1839672273537","54,6751198653092","2,14091290733712","3750","0,10181100666523","0","0","0","0","0","0"
"32788","2","01.26.2017 13:31:21.072","105,255202140872","43,1841636015234","54,6748867357443","2,14094966273229","4125","0,10181100666523","0","0","0","0","0","0"
"32789","2","01.26.2017 13:31:37.740","105,263921526342","43,1540014264862","54,7106889942337","2,13530957928013","4125","0,134451791644096","0","0","0","0","0","0"
"32790","2","01.26.2017 13:31:31.212","105,21604071422","43,319262773445","54,5143938043866","2,16634342216835","4125","-0,198111787438393","0","0","0","0","0","0"
"32791","2","01.26.2017 13:31:32.872","105,218255076087","43,3116390073116","54,5234562005994","2,16490479208898","4125","-0,198111787438393","0","0","0","0","0","0"
"32792","2","01.26.2017 13:31:32.294","105,216420020746","43,3179569946806","54,515946035251","2,16609697006841","4125","-0,198111787438393","0","0","0","0","0","0"
"32793","2","01.26.2017 13:31:37.472","105,261261360994","43,1632068044555","54,6997634345762","2,1370297609683","4125","0,134451791644096","0","0","0","0","0","0"
"32794","2","01.26.2017 13:31:34.941","105,257787357718","43,1752240427192","54,6854990495009","2,13927690777993","4125","0,113900154829025","0","0","0","0","0","0"
"32795","2","01.26.2017 13:31:32.572","105,215215321988","43,3221040426497","54,5110162078174","2,16687974953283","4125","-0,198111787438393","0","0","0","0","0","0"
"32796","2","01.26.2017 13:31:35.902","105,256892685465","43,1783180849537","54,6818261628367","2,1398557522096","4125","0,113900154829025","0","0","0","0","0","0"
"32797","2","01.26.2017 13:31:31.481","105,211154436693","43,3360793923068","54,4944014811095","2,16951912658365","4125","-0,198111787438393","0","0","0","0","0","0"
"32798","2","01.26.2017 13:31:38.842","105,262104491133","43,1602895087494","54,7032259862299","2,13648450502068","4125","0,134451791644096","0","0","0","0","0","0"
"32799","2","01.26.2017 13:31:30.202","105,306445697749","43,0064339423774","54,8856920430669","2,10787401455566","4125","0,51387357711792","0","0","0","0","0","0"
"32800","2","01.26.2017 13:31:30.452","105,212951818546","43,3298945092322","54,5017547131438","2,16835077762397","4125","-0,198111787438393","0","0","0","0","0","0"
"32801","2","01.26.2017 13:31:33.142","105,217207257682","43,3152467330368","54,5191677680867","2,16558549887657","4125","-0,198111787438393","0","0","0","0","0","0"
"32802","2","01.26.2017 13:31:38.001","105,264251530045","43,1528592596251","54,7120445238068","2,13509621656813","4125","0,134451791644096","0","0","0","0","0","0"
"32803","2","01.26.2017 13:31:35.312","105,257083997658","43,1776564980055","54,682611531392","2,13973197060249","4125","0,113900154829025","0","0","0","0","0","0"
"32804","2","01.26.2017 13:31:36.722","105,257001458574","43,1779419326623","54,6822726931147","2,13978537422307","4125","0,134451791644096","0","0","0","0","0","0"
"32805","2","01.26.2017 13:31:34.701","105,252196517399","43,1945535063159","54,662551498127","2,14289499555714","4125","0,113900154829025","0","0","0","0","0","0"
"32806","2","01.26.2017 13:31:29.388","105,307049320412","43,0043333875386","54,8881812040365","2,10748540842491","4125","0,51387357711792","0","0","0","0","0","0"
"32807","2","01.26.2017 13:31:39.112","105,264072630845","43,1534784484086","54,7113096692737","2,13521188231773","4125","0,134451791644096","0","0","0","0","0","0"
"32808","2","01.26.2017 13:31:35.592","105,262048695137","43,1604825762929","54,7029968366163","2,13652058709084","4125","0,113900154829025","0","0","0","0","0","0"
"32809","2","01.26.2017 13:31:33.672","105,254809908715","43,1855196850245","54,6732768213139","2,14120349366159","4125","0,113900154829025","0","0","0","0","0","0"
"32810","2","01.26.2017 13:31:28.427","105,311600169992","42,9884913078501","54,9069523297481","2,10455636240176","4125","0,51387357711792","0","0","0","0","0","0"
"32811","2","01.26.2017 13:31:39.370","105,255668765422","43,1825502364088","54,6768020611827","2,14064770240852","4125","0,134451791644096","0","0","0","0","0","0"
"32812","2","01.26.2017 13:31:29.962","105,304087858554","43,0146373888278","54,8759704216294","2,10939218954277","4125","0,51387357711792","0","0","0","0","0","0"
"32813","2","01.26.2017 13:31:33.412","105,214799880429","43,323534035593","54,5093162497156","2,16714971469139","4125","-0,198111787438393","0","0","0","0","0","0"
"32814","2","01.26.2017 13:31:29.062","105,300270720018","43,0279125908806","54,8602366740367","2,11185073508273","4125","0,51387357711792","0","0","0","0","0","0"
"32815","2","01.26.2017 13:31:28.742","105,315310920621","42,9755664524571","54,9222645505096","2,10216899703331","4125","0,51387357711792","0","0","0","0","0","0"
"32816","2","01.26.2017 13:31:34.433","105,260077242895","43,1673034504647","54,694900935238","2,13779561429726","4125","0,113900154829025","0","0","0","0","0","0"
"32817","2","01.26.2017 13:31:34.177","105,266551137814","43,144898890212","54,7214914979898","2,13360961179823","4125","0,113900154829025","0","0","0","0","0","0"
"32818","2","01.26.2017 13:31:38.272","105,260549403639","43,1656700039751","54,6968397727005","2,13749022332441","4125","0,134451791644096","0","0","0","0","0","0"
"32819","2","01.26.2017 13:31:31.747","105,223940048894","43,3086397883317","54,5270211993946","2,16433901227368","3750","-0,198111787438393","0","0","0","0","0","0"
"32820","2","01.26.2017 13:31:36.162","105,266361600766","43,1622163399637","54,7009390328134","2,1368446272229","3750","0,113900154829025","0","0","0","0","0","0"
"32821","2","01.26.2017 13:31:32.002","105,214317389066","43,3251947434295","54,5073419912064","2,16746326536408","4125","-0,198111787438393","0","0","0","0","0","0"
"32822","2","01.26.2017 13:31:30.942","105,222311699336","43,3142466728899","54,5203565348467","2,16539679226335","3750","-0,198111787438393","0","0","0","0","0","0"
"32823","2","01.26.2017 13:31:29.662","105,302990704235","43,0184537504557","54,8714474991696","2,11009875037477","4125","0,51387357711792","0","0","0","0","0","0"
"32824","2","01.26.2017 13:31:38.552","105,266349575737","43,1455967099054","54,7206633903134","2,13373989978113","4125","0,134451791644096","0","0","0","0","0","0"
"32825","2","01.26.2017 13:31:36.442","105,258377284282","43,1731837229391","54,6879210172645","2,1388952597964","4125","0,113900154829025","0","0","0","0","0","0"
"32826","2","01.26.2017 13:31:37.200","105,259461299348","43,1860817786432","54,6726095089387","2,14130871241802","3750","0,134451791644096","0","0","0","0","0","0"
"32827","2","01.26.2017 13:31:45.932","100","32,3216833691218","66,4261889772271","1,25212765365107","4125","0,0742076337337494","0","0","0","0","0","0"
"32828","2","01.26.2017 13:31:42.732","100","43,3194584003085","54,5141612533138","2,16638034637769","3750","-0,190411970019341","0","0","0","0","0","0"
"32829","2","01.26.2017 13:31:50.031","100","43,0161905906915","54,8741296818595","2,10967972744904","3750","0,407679527997971","0","0","0","0","0","0"
"32830","2","01.26.2017 13:31:45.672","100","32,4412864110709","66,3122221318741","1,24649145705506","3750","0,0742076337337494","0","0","0","0","0","0"
"32831","2","01.26.2017 13:31:39.979","100","43,3116952164125","54,5233893870938","2,16491539649373","4125","-0,190411970019341","0","0","0","0","0","0"
"32832","2","01.26.2017 13:31:45.412","100","32,4567750303207","66,2974358978252","1,24578907185405","3750","0,0742076337337494","0","0","0","0","0","0"
"32833","2","01.26.2017 13:31:43.492","100","43,1893408638787","54,6687402790697","2,14191885705162","4125","0,0742076337337494","0","0","0","0","0","0"
"32834","2","01.26.2017 13:31:50.592","100","43,0334984806761","54,8536156364458","2,11288588287814","3750","0,407679527997971","0","0","0","0","0","0"
"32835","2","01.26.2017 13:31:41.120","100","43,3155493432274","54,5188080545256","2,165642602247","4125","-0,190411970019341","0","0","0","0","0","0"
"32836","2","01.26.2017 13:31:41.662","100","43,3141232006853","54,520503304876","2,16537349443875","3750","-0,190411970019341","0","0","0","0","0","0"
"32837","2","01.26.2017 13:31:44.602","100","32,8469223195856","65,9229028988364","1,23017478157801","3750","0,0742076337337494","0","0","0","0","0","0"
"32838","2","01.26.2017 13:31:48.693","100","42,9863340036204","54,9095082569948","2,10415773938475","4125","0,459063351154327","0","0","0","0","0","0"
"32839","2","01.26.2017 13:31:40.502","100","43,3142830895881","54,5203132466914","2,16540366372053","4125","-0,190411970019341","0","0","0","0","0","0"
"32840","2","01.26.2017 13:31:44.851","100","32,48392802866","66,2714990310067","1,24457294033337","4125","0,0742076337337494","0","0","0","0","0","0"
"32841","2","01.26.2017 13:31:43.762","100","43,2192518881912","54,6332236418519","2,14752446995689","4125","0,0742076337337494","0","0","0","0","0","0"
"32842","2","01.26.2017 13:31:46.670","100","43,0250888725482","54,8635835226083","2,11132760484355","4125","0,459063351154327","0","0","0","0","0","0"
"32843","2","01.26.2017 13:31:43.022","100","43,1721694153816","54,6891250356815","2,13870554893681","4125","0,0742076337337494","0","0","0","0","0","0"
"32844","2","01.26.2017 13:31:46.212","100","43,0242009635783","54,8646359078293","2,11116312859239","4125","0,459063351154327","0","0","0","0","0","0"
"32845","2","01.26.2017 13:31:41.412","100","43,3012368164286","54,5358202430142","2,16294294055724","3750","-0,190411970019341","0","0","0","0","0","0"
"32846","2","01.26.2017 13:31:42.182","100","43,3502902495464","54,4775044849626","2,17220526549099","3750","-0,190411970019341","0","0","0","0","0","0"
"32847","2","01.26.2017 13:31:45.121","100","32,507651629122","66,2488221065487","1,24352626432934","4125","0,0742076337337494","0","0","0","0","0","0"
"32848","2","01.26.2017 13:31:47.552","100","43,0056422881121","54,8866301611104","2,10772755077754","4125","0,459063351154327","0","0","0","0","0","0"
"32849","2","01.26.2017 13:31:44.032","100","43,2670874019016","54,5764014560978","2,15651114200062","3750","0,0742076337337494","0","0","0","0","0","0"
"32850","2","01.26.2017 13:31:48.131","100","42,986758729193","54,9090050559342","2,10423621487286","4125","0,459063351154327","0","0","0","0","0","0"
"32851","2","01.26.2017 13:31:42.461","100","43,3281921254585","54,5037786073058","2,16802926723573","3750","-0,190411970019341","0","0","0","0","0","0"
"32852","2","01.26.2017 13:31:40.797","100","43,301363036142","54,5356702257417","2,16296673811632","4125","-0,190411970019341","0","0","0","0","0","0"
"32853","2","01.26.2017 13:31:47.262","100","42,9978274087393","54,8958904522789","2,10628213898179","3750","0,459063351154327","0","0","0","0","0","0"
"32854","2","01.26.2017 13:31:47.832","100","43,0234991290719","54,8654677432669","2,11103312766117","4125","0,459063351154327","0","0","0","0","0","0"
"32855","2","01.26.2017 13:31:44.312","100","35,7226211097037","63,0403733638096","1,23700552648672","3750","0,0742076337337494","0","0","0","0","0","0"
"32856","2","01.26.2017 13:31:49.242","100","43,0245615192078","54,8642085640513","2,1112299167409","4125","0,407679527997971","0","0","0","0","0","0"
"32857","2","01.26.2017 13:31:39.642","100","43,1886697542014","54,6695370398102","2,14179320598846","3750","0,134451791644096","0","0","0","0","0","0"
"32858","2","01.26.2017 13:31:48.981","100","43,0150667730768","54,8754615502165","2,10947167670674","4125","0,459063351154327","0","0","0","0","0","0"
"32859","2","01.26.2017 13:31:50.324","100","43,0315681314464","54,8559037513594","2,11252811719419","3750","0,407679527997971","0","0","0","0","0","0"
"32860","2","01.26.2017 13:31:49.751","100","43,0274056666341","54,8608375197834","2,11175681358255","4125","0,407679527997971","0","0","0","0","0","0"
"32861","2","01.26.2017 13:31:41.942","100","43,3131351550717","54,5216777773502","2,16518706757808","3750","-0,190411970019341","0","0","0","0","0","0"
"32862","2","01.26.2017 13:31:48.401","100","43,0224850570197","54,866669641323","2,11084530165731","4125","0,459063351154327","0","0","0","0","0","0"
"32863","2","01.26.2017 13:31:46.992","100","43,0187773571612","54,8710639716649","2,11015867117388","3750","0,459063351154327","0","0","0","0","0","0"
"32864","2","01.26.2017 13:31:52.014","100","43,0278466534936","54,8603148282968","2,11183851820957","3750","0,407679527997971","0","0","0","0","0","0"
"32865","2","01.26.2017 13:31:50.862","100","43,0415207128662","54,8441060939809","2,11437319315292","3750","0,407679527997971","0","0","0","0","0","0"
"32866","2","01.26.2017 13:32:01.482","100","43,1986455427984","54,6576929465464","2,14366151065516","3750","-0,0156901590526104","0","0","0","0","0","0"
"32867","2","01.26.2017 13:31:57.127","100","43,1276240262244","54,7419898406523","2,13038613312332","3750","0,19207763671875","0","0","0","0","0","0"
"32868","2","01.26.2017 13:31:52.263","100","42,9078387369704","55,0024680736601","2,08969318936958","3750","0,686974942684174","0","0","0","0","0","0"
"32869","2","01.26.2017 13:31:54.182","100","42,92783913629","54,978789508824","2,09337135488602","3750","0,686974942684174","0","0","0","0","0","0"
"32870","2","01.26.2017 13:32:00.451","100","43,2208552887778","54,631319450722","2,14782526050015","3750","-0,0156901590526104","0","0","0","0","0","0"
"32871","2","01.26.2017 13:31:51.682","100","43,0218699118579","54,8673987172266","2,11073137091548","3750","0,407679527997971","0","0","0","0","0","0"
"32872","2","01.26.2017 13:31:57.660","100","43,1369027104038","54,7309802054895","2,1321170841067","3750","0,19207763671875","0","0","0","0","0","0"
"32873","2","01.26.2017 13:31:56.252","100","43,1512616525073","54,7139405460643","2,1347978014284","3750","0,19207763671875","0","0","0","0","0","0"
"32874","2","01.26.2017 13:31:56.831","100","43,1205003444651","54,7504417516094","2,12905790392552","3750","0,19207763671875","0","0","0","0","0","0"
"32875","2","01.26.2017 13:31:54.462","100","42,8922484440269","55,0209219743128","2,08682958166023","3750","0,686974942684174","0","0","0","0","0","0"
"32876","2","01.26.2017 13:31:59.386","100","43,242173012935","54,6059997524458","2,15182723461925","3750","-0,0156901590526104","0","0","0","0","0","0"
"32877","2","01.26.2017 13:31:59.062","100","43,2129025657878","54,6407637707293","2,14633366348295","3750","-0,0156901590526104","0","0","0","0","0","0"
"32878","2","01.26.2017 13:31:58.230","100","43,1365996815402","54,731339781141","2,13206053731882","3750","0,19207763671875","0","0","0","0","0","0"
"32879","2","01.26.2017 13:32:00.172","100","43,2196743570825","54,6327219226818","2,14760372023576","3750","-0,0156901590526104","0","0","0","0","0","0"
"32880","2","01.26.2017 13:31:53.902","100","42,9229318870669","54,9845996923883","2,09246842054485","3750","0,686974942684174","0","0","0","0","0","0"
"32881","2","01.26.2017 13:32:01.192","100","43,2071942356474","54,6475422847233","2,14526347962933","3750","-0,0156901590526104","0","0","0","0","0","0"
"32882","2","01.26.2017 13:31:57.928","100","43,1279915905432","54,7415537264163","2,13045468304053","3750","0,19207763671875","0","0","0","0","0","0"
"32883","2","01.26.2017 13:31:59.652","100","43,2289254538185","54,6217349013313","2,14933964485019","3750","-0,0156901590526104","0","0","0","0","0","0"
"32884","2","01.26.2017 13:31:54.721","100","42,9009352428281","55,0106399750504","2,08842478212154","3750","0,686974942684174","0","0","0","0","0","0"
"32885","2","01.26.2017 13:31:56.512","100","43,1177792061761","54,7536700918113","2,12855070201257","3750","0,19207763671875","0","0","0","0","0","0"
"32886","2","01.26.2017 13:31:51.139","100","43,0166358833525","54,8736019484853","2,10976216816223","3750","0,407679527997971","0","0","0","0","0","0"
"32887","2","01.26.2017 13:31:56.002","100","43,1223021208981","54,7483040869995","2,12939379210238","3750","0,19207763671875","0","0","0","0","0","0"
"32888","2","01.26.2017 13:31:55.517","100","43,1171293866546","54,7544410201149","2,12842959323056","3750","0,19207763671875","0","0","0","0","0","0"
"32889","2","01.26.2017 13:31:53.021","100","42,9077876826794","55,0025285105856","2,08968380673501","3750","0,686974942684174","0","0","0","0","0","0"
"32890","2","01.26.2017 13:31:51.422","100","43,0153285745988","54,8751512831504","2,10952014225077","3750","0,407679527997971","0","0","0","0","0","0"
"32891","2","01.26.2017 13:32:00.952","100","43,2256486657955","54,6256266781185","2,14872465608603","3750","-0,0156901590526104","0","0","0","0","0","0"
"32892","2","01.26.2017 13:31:53.592","100","42,8844387489651","55,0301649826836","2,08539626835135","3750","0,686974942684174","0","0","0","0","0","0"
"32893","2","01.26.2017 13:31:57.370","100","43,1038553342945","54,7701878802053","2,12595678550017","3750","0,19207763671875","0","0","0","0","0","0"
"32894","2","01.26.2017 13:31:52.762","100","42,8749516281724","55,0413922279639","2,08365614386371","3750","0,686974942684174","0","0","0","0","0","0"
"32895","2","01.26.2017 13:31:58.581","100","43,23003979838","54,6204113874678","2,14954881415211","3750","-0,0156901590526104","0","0","0","0","0","0"
"32896","2","01.26.2017 13:31:53.333","100","42,9173756323541","54,9911779309464","2,09144643669957","3750","0,686974942684174","0","0","0","0","0","0"
"32897","2","01.26.2017 13:31:54.992","100","42,8906635775103","55,0227977742323","2,08653864825741","3750","0,686974942684174","0","0","0","0","0","0"
"32898","2","01.26.2017 13:32:00.691","100","43,2077018177878","54,6469395578821","2,14535862433005","3750","-0,0156901590526104","0","0","0","0","0","0"
"32899","2","01.26.2017 13:31:55.251","100","42,908427227156","55,0017714297785","2,08980134306548","3750","0,686974942684174","0","0","0","0","0","0"
"32900","2","01.26.2017 13:31:59.922","100","43,202822356773","54,6527335328693","2,14444411035765","3750","-0,0156901590526104","0","0","0","0","0","0"
"33129","2","01.26.2017 13:33:17.132","100","43,0076038176087","54,8843057152556","2,10809046713575","3750","0,472161293029785","0","0","0","0","0","0"
"33130","2","01.26.2017 13:33:09.772","100","43,2569359696465","54,5884622316511","2,15460179870239","3750","-0,0785873308777809","0","0","0","0","0","0"
"33131","2","01.26.2017 13:33:11.433","100","43,0591264969328","54,8232334512708","2,11764005179645","3750","0,342393040657043","0","0","0","0","0","0"
"33132","2","01.26.2017 13:33:16.872","100","43,3121969630303","54,5227929793896","2,1650100575801","3750","-0,218588665127754","0","0","0","0","0","0"
"33133","2","01.26.2017 13:33:13.351","100","43,0539894317288","54,8293241224988","2,11668644577247","3750","0,342393040657043","0","0","0","0","0","0"
"33134","2","01.26.2017 13:33:16.612","100","43,3091960583246","54,5263600011088","2,16444394056666","3750","-0,218588665127754","0","0","0","0","0","0"
"33135","2","01.26.2017 13:33:12.772","100","43,0381298587639","54,8481257041747","2,11374443706134","3750","0,342393040657043","0","0","0","0","0","0"
"33136","2","01.26.2017 13:33:11.172","100","43,0495300371628","54,8346110631471","2,11585889969019","3750","0,342393040657043","0","0","0","0","0","0"
"33137","2","01.26.2017 13:33:18.722","100","43,0089845520426","54,8826694928371","2,10834595512026","3750","0,472161293029785","0","0","0","0","0","0"
"33138","2","01.26.2017 13:33:16.033","100","43,3022924768351","54,5345655419587","2,16314198120624","3750","-0,218588665127754","0","0","0","0","0","0"
"33139","2","01.26.2017 13:33:19.771","100","43,0015919924691","54,8914296794069","2,10697832812404","3750","0,472161293029785","0","0","0","0","0","0"
"33140","2","01.26.2017 13:33:19.002","100","42,9916881190616","54,9031647106269","2,10514717031152","3750","0,472161293029785","0","0","0","0","0","0"
"33141","2","01.26.2017 13:33:11.962","100","43,0514281970138","54,8323606846774","2,11621111830881","3750","0,342393040657043","0","0","0","0","0","0"
"33142","2","01.26.2017 13:33:19.513","100","43,007183967364","54,8848032489573","2,10801278367875","3750","0,472161293029785","0","0","0","0","0","0"
"33143","2","01.26.2017 13:33:17.912","100","43,0118689279833","54,8792513222678","2,10887974974896","3750","0,472161293029785","0","0","0","0","0","0"
"33144","2","01.26.2017 13:33:13.622","100","43,0523382108748","54,8312817948515","2,11637999427373","3750","0,342393040657043","0","0","0","0","0","0"
"33145","2","01.26.2017 13:33:11.702","100","43,0764991920902","54,8026334285975","2,12086737931232","3750","0,342393040657043","0","0","0","0","0","0"
"33146","2","01.26.2017 13:33:19.252","100","43,0215981479262","54,8677208129377","2,1106810391361","3750","0,472161293029785","0","0","0","0","0","0"
"33147","2","01.26.2017 13:33:12.212","100","43,0463919350409","54,8383313680317","2,1152766969274","3750","0,342393040657043","0","0","0","0","0","0"
"33148","2","01.26.2017 13:33:14.962","100","43,3118469177099","54,5232090656598","2,16494401663026","3750","-0,218588665127754","0","0","0","0","0","0"
"33149","2","01.26.2017 13:33:14.386","100","43,2992041609668","54,5382361115934","2,16255972743979","3750","-0,218588665127754","0","0","0","0","0","0"
"33150","2","01.26.2017 13:33:10.673","100","43,0657723832654","54,8153533934403","2,11887422329426","3750","0,342393040657043","0","0","0","0","0","0"
"33151","2","01.26.2017 13:33:13.902","100","43,3140532574184","54,5205864455777","2,1653602970039","3750","-0,218588665127754","0","0","0","0","0","0"
"33152","2","01.26.2017 13:33:12.492","100","43,055413177774","54,8276361153666","2,11695070685936","3750","0,342393040657043","0","0","0","0","0","0"
"33153","2","01.26.2017 13:33:17.610","100","42,9884364416447","54,9070173347563","2,10454622359907","3750","0,472161293029785","0","0","0","0","0","0"
"33154","2","01.26.2017 13:33:15.492","100","43,3309478238691","54,500502454045","2,16854972208592","3750","-0,218588665127754","0","0","0","0","0","0"
"33155","2","01.26.2017 13:33:10.372","100","43,2353993718961","54,6140455857518","2,15055504235209","3750","-0,0785873308777809","0","0","0","0","0","0"
"33156","2","01.26.2017 13:33:13.058","100","43,0691064458412","54,8113999767796","2,11949357737923","3750","0,342393040657043","0","0","0","0","0","0"
"33157","2","01.26.2017 13:33:15.232","100","43,3025520585692","54,5342570151371","2,16319092629369","3750","-0,218588665127754","0","0","0","0","0","0"
"33158","2","01.26.2017 13:33:18.461","100","42,9912186952793","54,9037208973537","2,10506040736698","3750","0,472161293029785","0","0","0","0","0","0"
"33159","2","01.26.2017 13:33:10.076","100","43,2309208323877","54,6193649676686","2,14971419994368","3750","-0,0785873308777809","0","0","0","0","0","0"
"33160","2","01.26.2017 13:33:16.341","100","43,3068556867198","54,5291418091678","2,16400250411243","3750","-0,218588665127754","0","0","0","0","0","0"
"33161","2","01.26.2017 13:33:20.052","100","43,0017595459815","54,891231135925","2,10700931809347","4125","0,472161293029785","0","0","0","0","0","0"
"33162","2","01.26.2017 13:33:15.762","100","43,3181513143818","54,5157150409737","2,16613364464448","3750","-0,218588665127754","0","0","0","0","0","0"
"33163","2","01.26.2017 13:33:18.192","100","43,0092405816502","54,882366085492","2,10839333285783","3750","0,472161293029785","0","0","0","0","0","0"
"33164","2","01.26.2017 13:33:14.672","100","43,2993083849221","54,5381122396283","2,16257937544961","4125","-0,218588665127754","0","0","0","0","0","0"
"33204","2","01.26.2017 13:33:41.391","100","43,0082046450692","54,8835937149411","2,10820163998974","4125","0,429442018270493","0","0","0","0","0","0"
"33205","2","01.26.2017 13:33:37.357","100","43,0101573087691","54,8812797132976","2,10856297793329","4125","0,421583294868469","0","0","0","0","0","0"
"33206","2","01.26.2017 13:33:34.092","100","43,1305161967207","54,7385582429375","2,13092556034184","4125","0,151779741048813","0","0","0","0","0","0"
"33207","2","01.26.2017 13:33:39.723","100","43,0221025461819","54,8671229973601","2,11077445645802","4125","0,429442018270493","0","0","0","0","0","0"
"33208","2","01.26.2017 13:33:36.778","100","43,0130175240681","54,8778901335215","2,10909234241035","4125","0,421583294868469","0","0","0","0","0","0"
"33209","2","01.26.2017 13:33:35.752","100","43,0155578052846","54,8748796158428","2,10956257887263","4125","0,421583294868469","0","0","0","0","0","0"
"33210","2","01.26.2017 13:33:33.511","100","43,1318636035601","54,7369594929247","2,1311769035152","4125","0,151779741048813","0","0","0","0","0","0"
"33211","2","01.26.2017 13:33:39.460","100","43,021375563958","54,8679846196774","2,1106398163646","4125","0,429442018270493","0","0","0","0","0","0"
"33212","2","01.26.2017 13:33:38.692","100","43,011161587589","54,8800895755594","2,10874883685158","4125","0,421583294868469","0","0","0","0","0","0"
"33213","2","01.26.2017 13:33:41.662","100","43,0065111173335","54,8856005895738","2,10788829309271","4125","0,429442018270493","0","0","0","0","0","0"
"33214","2","01.26.2017 13:33:40.252","100","43,0053603318244","54,8869642801907","2,10767538798491","4125","0,429442018270493","0","0","0","0","0","0"
"33215","2","01.26.2017 13:33:39.992","100","43,0284801199064","54,8595639910664","2,11195588902715","4125","0,429442018270493","0","0","0","0","0","0"
"33216","2","01.26.2017 13:33:40.822","100","43,0340033348094","54,8530172064449","2,11297945874566","4125","0,429442018270493","0","0","0","0","0","0"
"33217","2","01.26.2017 13:33:34.933","100","43,1596458802321","54,7039898981886","2,13636422157926","4125","0,151779741048813","0","0","0","0","0","0"
"33218","2","01.26.2017 13:33:38.963","100","43,0306918952342","54,8569423716581","2,11236573310767","4125","0,429442018270493","0","0","0","0","0","0"
"33219","2","01.26.2017 13:33:34.672","100","43,1637914450946","54,6990695097037","2,13713904520171","4125","0,151779741048813","0","0","0","0","0","0"
"33220","2","01.26.2017 13:33:32.011","100","43,0764049049003","54,802745241474","2,12084985362576","4125","0,356901049613953","0","0","0","0","0","0"
"33221","2","01.26.2017 13:33:40.522","100","43,0070814561617","54,8849247271253","2,10799381671298","4125","0,429442018270493","0","0","0","0","0","0"
"33222","2","01.26.2017 13:33:33.800","100","43,1521517583971","54,7128841821179","2,13496405948494","4125","0,151779741048813","0","0","0","0","0","0"
"33223","2","01.26.2017 13:33:42.182","100","43,1844373267938","54,6745617764931","2,14100089671301","4125","0,152585700154305","0","0","0","0","0","0"
"33224","2","01.26.2017 13:33:43.141","100","43,1365029189216","54,7314545999434","2,132042481135","4125","0,152585700154305","0","0","0","0","0","0"
"33225","2","01.26.2017 13:33:41.922","100","43,0099964636355","54,8814703244048","2,10853321195967","4125","0,429442018270493","0","0","0","0","0","0"
"33226","2","01.26.2017 13:33:35.202","100","43,1436830774826","54,7229342978028","2,13338262471458","4125","0,151779741048813","0","0","0","0","0","0"
"33227","2","01.26.2017 13:33:33.218","100","43,1526495600444","54,7122933946647","2,13505704529093","4125","0,151779741048813","0","0","0","0","0","0"
"33228","2","01.26.2017 13:33:42.881","100","43,1705721046292","54,6910210743761","2,13840682099475","4125","0,152585700154305","0","0","0","0","0","0"
"33229","2","01.26.2017 13:33:37.632","100","43,0058451237582","54,8863897996274","2,10776507661441","4125","0,421583294868469","0","0","0","0","0","0"
"33230","2","01.26.2017 13:33:38.431","100","43,0421377571535","54,8433746177815","2,11448762506496","4125","0,421583294868469","0","0","0","0","0","0"
"33231","2","01.26.2017 13:33:32.671","100","43,1464246300741","54,7196808838931","2,13389448603277","4125","0,151779741048813","0","0","0","0","0","0"
"33232","2","01.26.2017 13:33:38.172","100","43,0171436047867","54,8730002253903","2,10985616982295","4125","0,421583294868469","0","0","0","0","0","0"
"32901","2","01.26.2017 13:32:12.172","100","43,079857791391","54,7986504770181","2,12149173159094","3750","0,249905943870544","0","0","0","0","0","0"
"32902","2","01.26.2017 13:32:04.941","100","43,0305469290174","54,8571142021005","2,11233886888215","3750","0,423799842596054","0","0","0","0","0","0"
"32903","2","01.26.2017 13:32:12.431","100","43,124988810552","54,7451164704704","2,12989471897755","3750","0,249905943870544","0","0","0","0","0","0"
"32904","2","01.26.2017 13:32:10.632","100","43,0024409569499","54,8904236905553","2,10713535249481","3750","0,470549255609512","0","0","0","0","0","0"
"32905","2","01.26.2017 13:32:04.680","100","43,2437040059065","54,6041811414676","2,15211485262591","3750","-0,0430295988917351","0","0","0","0","0","0"
"32906","2","01.26.2017 13:32:03.592","100","43,2422480594033","54,6059106081088","2,15184133248789","3750","-0,0430295988917351","0","0","0","0","0","0"
"32907","2","01.26.2017 13:32:09.162","100","43,0322317712306","54,8551171195591","2,1126511092103","3750","0,470549255609512","0","0","0","0","0","0"
"32908","2","01.26.2017 13:32:09.732","100","42,9865462869689","54,9092567508607","2,10419696217038","3750","0,470549255609512","0","0","0","0","0","0"
"32909","2","01.26.2017 13:32:06.272","100","43,0269784477846","54,8613438900792","2,11167766213612","3750","0,423799842596054","0","0","0","0","0","0"
"32910","2","01.26.2017 13:32:02.240","100","43,2267109463966","54,6243650421156","2,14892401148776","3750","-0,0430295988917351","0","0","0","0","0","0"
"32911","2","01.26.2017 13:32:05.442","100","43,0451238022919","54,8398347393762","2,11504145833183","3750","0,423799842596054","0","0","0","0","0","0"
"32912","2","01.26.2017 13:32:04.162","100","43,2590050965123","54,5860040280706","2,15499087541711","3750","-0,0430295988917351","0","0","0","0","0","0"
"32913","2","01.26.2017 13:32:13.212","100","43,121809870795","54,7488881065299","2,12930202267513","3750","0,249905943870544","0","0","0","0","0","0"
"32914","2","01.26.2017 13:32:01.757","100","43,2317329803329","54,6184003570112","2,14986666265587","3750","-0,0430295988917351","0","0","0","0","0","0"
"32915","2","01.26.2017 13:32:07.391","100","43,056021638567","54,8269147107672","2,11706365066579","3750","0,423799842596054","0","0","0","0","0","0"
"32916","2","01.26.2017 13:32:06.552","100","43,0417694843531","54,843811187962","2,11441932768491","3750","0,423799842596054","0","0","0","0","0","0"
"32917","2","01.26.2017 13:32:12.697","100","43,1022476300982","54,7720949370158","2,12565743288602","3750","0,249905943870544","0","0","0","0","0","0"
"32918","2","01.26.2017 13:32:08.922","100","43,0046885278066","54,8877603660736","2,10755110611974","3750","0,470549255609512","0","0","0","0","0","0"
"32919","2","01.26.2017 13:32:05.722","100","43,0246827815659","54,8640648390889","2,11125237934519","3750","0,423799842596054","0","0","0","0","0","0"
"32920","2","01.26.2017 13:32:10.903","100","42,9831821007611","54,9132424588718","2,10357544036704","3750","0,470549255609512","0","0","0","0","0","0"
"32921","2","01.26.2017 13:32:12.947","100","43,1053484118495","54,7684167653485","2,12623482280203","3750","0,249905943870544","0","0","0","0","0","0"
"32922","2","01.26.2017 13:32:10.003","100","43,0052526610987","54,8870918700763","2,10765546882497","3750","0,470549255609512","0","0","0","0","0","0"
"32923","2","01.26.2017 13:32:09.452","100","43,0025700801828","54,8902706839207","2,10715923589656","3750","0,470549255609512","0","0","0","0","0","0"
"32924","2","01.26.2017 13:32:08.172","100","43,0067829801616","54,8852784274121","2,10793859242625","3750","0,470549255609512","0","0","0","0","0","0"
"32925","2","01.26.2017 13:32:11.182","100","42,9884441254431","54,9070082310602","2,10454764349664","3750","0,470549255609512","0","0","0","0","0","0"
"32926","2","01.26.2017 13:32:07.912","100","43,0209143868809","54,8685312052582","2,11055440786086","3750","0,423799842596054","0","0","0","0","0","0"
"32927","2","01.26.2017 13:32:03.880","100","43,2381095686545","54,6108264374817","2,15106399386383","3750","-0,0430295988917351","0","0","0","0","0","0"
"32928","2","01.26.2017 13:32:10.282","100","43,0166889199121","54,8735390926653","2,10977198742261","3750","0,470549255609512","0","0","0","0","0","0"
"32929","2","01.26.2017 13:32:08.677","100","43,0154923178184","54,8749572268257","2,10955045535592","3750","0,470549255609512","0","0","0","0","0","0"
